{"stats":{"minecraft:used":{"minecraft:dark_oak_planks":3,"vs_eureka:oak_ship_helm":2,"minecraft:potion":1},"minecraft:killed":{"minecraft:silverfish":2},"minecraft:custom":{"minecraft:jump":46,"minecraft:time_since_rest":8413,"minecraft:leave_game":1,"minecraft:damage_dealt":20,"minecraft:crouch_one_cm":63,"minecraft:walk_on_water_one_cm":9806,"minecraft:sprint_one_cm":2245,"minecraft:play_time":8413,"minecraft:damage_taken":180,"minecraft:time_since_death":8413,"minecraft:walk_one_cm":8367,"minecraft:sneak_time":298,"minecraft:total_world_time":8413,"minecraft:walk_under_water_one_cm":17979,"minecraft:mob_kills":2,"minecraft:swim_one_cm":1133,"minecraft:fall_one_cm":2289,"minecraft:fly_one_cm":94325}},"DataVersion":3465}