{"stats":{"minecraft:dropped":{"minecraft:arrow":2,"minecraft:bone":2},"minecraft:used":{"fantasyfurniture:royal/bed_double":1,"minecraft:lever":5,"days_in_the_middle_ages:hanging_sign":1,"minecraft:torch":13,"fantasyfurniture:decorations/berry_basket_sweetberry":1,"vs_eureka:engine":4,"days_in_the_middle_ages:campfire":1,"minecraft:oak_slab":1,"minecraft:lantern":1,"minecraft:podzol":5,"alexscaves:submarine":1,"minecraft:oak_planks":47,"fantasyfurniture:decorations/stackable_pumpkins":18,"minecraft:spruce_planks":6,"vs_eureka:oak_ship_helm":11,"minecraft:infested_stone_bricks":1,"vs_eureka:floater":438},"minecraft:picked_up":{"minecraft:bone":2,"vs_eureka:oak_ship_helm":1,"minecraft:arrow":2,"vs_eureka:floater":1,"minecraft:torch":4,"minecraft:lever":7,"minecraft:coal_block":63,"minecraft:oak_planks":1},"minecraft:custom":{"minecraft:open_barrel":1,"minecraft:time_since_rest":15777,"minecraft:crouch_one_cm":262,"minecraft:play_time":59921,"minecraft:sprint_one_cm":27173,"minecraft:deaths":3,"minecraft:walk_one_cm":34860,"minecraft:sneak_time":2268,"minecraft:walk_under_water_one_cm":189294,"minecraft:drop":4,"minecraft:jump":210,"minecraft:damage_dealt":77,"minecraft:leave_game":6,"minecraft:walk_on_water_one_cm":7351,"minecraft:time_since_death":15753,"minecraft:climb_one_cm":556,"minecraft:total_world_time":60412,"minecraft:fly_one_cm":966427}},"DataVersion":3465}