{"stats":{"minecraft:used":{"minecraft:netherite_sword":5,"minecraft:dark_oak_planks":3,"minecraft:red_carpet":3,"minecraft:potion":3,"minecraft:spruce_door":2,"vs_eureka:engine":3,"minecraft:spruce_planks":6,"vs_eureka:oak_ship_helm":7,"vs_eureka:floater":317},"minecraft:picked_up":{"minecraft:clock":1,"minecraft:lever":2,"minecraft:emerald":1},"minecraft:custom":{"minecraft:open_barrel":1,"minecraft:time_since_rest":8437,"minecraft:deaths":2,"minecraft:crouch_one_cm":272,"minecraft:sprint_one_cm":8300,"minecraft:play_time":28202,"minecraft:damage_taken":180,"minecraft:walk_one_cm":39328,"minecraft:sneak_time":1484,"minecraft:walk_under_water_one_cm":181132,"minecraft:mob_kills":3,"minecraft:jump":73,"minecraft:damage_dealt":258,"minecraft:leave_game":2,"minecraft:walk_on_water_one_cm":24144,"minecraft:time_since_death":8408,"minecraft:climb_one_cm":0,"minecraft:total_world_time":28202,"minecraft:swim_one_cm":1133,"minecraft:fall_one_cm":2289,"minecraft:fly_one_cm":230682},"minecraft:killed":{"minecraft:vindicator":1,"minecraft:silverfish":2}},"DataVersion":3465}