{"stats":{"minecraft:dropped":{"minecraft:arrow":2,"minecraft:bone":2},"minecraft:used":{"minecraft:oak_trapdoor":1,"minecraft:dark_oak_stairs":7,"minecraft:dark_oak_planks":4,"minecraft:lever":5,"days_in_the_middle_ages:hanging_sign":1,"fantasyfurniture:decorations/berry_basket_sweetberry":1,"days_in_the_middle_ages:campfire":1,"minecraft:lantern":15,"minecraft:oak_planks":48,"alexscaves:submarine":4,"minecraft:spruce_planks":46,"vs_eureka:oak_ship_helm":13,"vs_eureka:floater":592,"fantasyfurniture:royal/bed_double":1,"minecraft:torch":13,"vs_eureka:engine":16,"minecraft:oak_slab":1,"mca:female_villager_spawn_egg":1,"minecraft:podzol":5,"minecraft:sponge":27,"fantasyfurniture:decorations/stackable_pumpkins":18,"minecraft:infested_stone_bricks":1,"minecraft:spruce_log":3},"minecraft:picked_up":{"vs_eureka:oak_ship_helm":1,"minecraft:copper_ingot":8,"minecraft:torch":4,"minecraft:arrow":2,"minecraft:bone":2,"vs_eureka:floater":1,"minecraft:lever":9,"minecraft:coal_block":126,"minecraft:oak_planks":1},"minecraft:custom":{"minecraft:time_since_rest":33959,"minecraft:sprint_one_cm":38619,"minecraft:walk_one_cm":64201,"minecraft:drop":4,"minecraft:damage_dealt":87,"minecraft:fly_one_cm":1157918,"minecraft:open_barrel":1,"minecraft:crouch_one_cm":313,"minecraft:play_time":78103,"minecraft:deaths":3,"minecraft:sneak_time":3100,"minecraft:walk_under_water_one_cm":262931,"minecraft:jump":300,"minecraft:leave_game":7,"minecraft:time_since_death":33935,"minecraft:walk_on_water_one_cm":13415,"minecraft:total_world_time":78594,"minecraft:climb_one_cm":770}},"DataVersion":3465}