{"stats":{"minecraft:used":{"fantasyfurniture:royal/bed_double":1,"days_in_the_middle_ages:hanging_sign":1,"minecraft:torch":13,"minecraft:lever":5,"fantasyfurniture:decorations/berry_basket_sweetberry":1,"vs_eureka:engine":1,"days_in_the_middle_ages:campfire":1,"minecraft:lantern":1,"minecraft:oak_planks":34,"vs_eureka:oak_ship_helm":9,"minecraft:infested_stone_bricks":1,"vs_eureka:floater":11},"minecraft:picked_up":{"minecraft:bone":2,"vs_eureka:oak_ship_helm":1,"minecraft:arrow":2,"vs_eureka:floater":1,"minecraft:torch":1,"minecraft:lever":7,"minecraft:coal_block":63,"minecraft:oak_planks":1},"minecraft:custom":{"minecraft:time_since_rest":18806,"minecraft:play_time":33529,"minecraft:crouch_one_cm":262,"minecraft:sprint_one_cm":20056,"minecraft:deaths":2,"minecraft:walk_one_cm":20706,"minecraft:sneak_time":1501,"minecraft:walk_under_water_one_cm":68932,"minecraft:drop":4,"minecraft:jump":131,"minecraft:damage_dealt":19,"minecraft:leave_game":4,"minecraft:walk_on_water_one_cm":5180,"minecraft:time_since_death":18770,"minecraft:climb_one_cm":556,"minecraft:total_world_time":34020,"minecraft:fly_one_cm":641690},"minecraft:dropped":{"minecraft:arrow":2,"minecraft:bone":2}},"DataVersion":3465}