{"stats":{"minecraft:used":{"fantasyfurniture:royal/bed_double":1,"minecraft:lever":5,"days_in_the_middle_ages:hanging_sign":1,"minecraft:torch":13,"fantasyfurniture:decorations/berry_basket_sweetberry":1,"vs_eureka:engine":1,"days_in_the_middle_ages:campfire":1,"minecraft:lantern":1,"minecraft:podzol":5,"minecraft:oak_planks":47,"minecraft:spruce_planks":2,"vs_eureka:oak_ship_helm":10,"minecraft:infested_stone_bricks":1,"vs_eureka:floater":11},"minecraft:custom":{"minecraft:open_barrel":1,"minecraft:time_since_rest":1743,"minecraft:crouch_one_cm":262,"minecraft:play_time":45887,"minecraft:sprint_one_cm":25202,"minecraft:deaths":3,"minecraft:walk_one_cm":31929,"minecraft:sneak_time":1726,"minecraft:walk_under_water_one_cm":78925,"minecraft:drop":4,"minecraft:jump":171,"minecraft:damage_dealt":39,"minecraft:leave_game":6,"minecraft:walk_on_water_one_cm":5704,"minecraft:time_since_death":1719,"minecraft:climb_one_cm":556,"minecraft:total_world_time":46378,"minecraft:fly_one_cm":871200},"minecraft:picked_up":{"minecraft:bone":2,"vs_eureka:oak_ship_helm":1,"minecraft:arrow":2,"vs_eureka:floater":1,"minecraft:torch":1,"minecraft:lever":7,"minecraft:coal_block":63,"minecraft:oak_planks":1},"minecraft:dropped":{"minecraft:arrow":2,"minecraft:bone":2}},"DataVersion":3465}