{"stats":{"minecraft:used":{"vs_eureka:ballast":14,"minecraft:netherite_sword":5,"minecraft:dark_oak_planks":3,"minecraft:red_carpet":3,"minecraft:potion":3,"minecraft:spruce_door":2,"minecraft:gray_stained_glass_pane":2,"vs_eureka:engine":7,"minecraft:oak_slab":1,"minecraft:oak_stairs":2,"minecraft:gray_carpet":1,"minecraft:spruce_planks":6,"blocky_siege:cannon":17,"vs_eureka:oak_ship_helm":7,"vs_eureka:floater":324},"minecraft:picked_up":{"minecraft:clock":1,"minecraft:lever":3,"minecraft:emerald":1},"minecraft:custom":{"minecraft:open_barrel":1,"minecraft:time_since_rest":15961,"minecraft:deaths":2,"minecraft:crouch_one_cm":410,"minecraft:sprint_one_cm":18053,"minecraft:play_time":35726,"minecraft:damage_taken":180,"minecraft:walk_one_cm":54481,"minecraft:sneak_time":1792,"minecraft:walk_under_water_one_cm":195435,"minecraft:mob_kills":3,"minecraft:jump":88,"minecraft:damage_dealt":258,"minecraft:leave_game":3,"minecraft:walk_on_water_one_cm":32533,"minecraft:time_since_death":15932,"minecraft:climb_one_cm":720,"minecraft:total_world_time":35726,"minecraft:swim_one_cm":1133,"minecraft:fall_one_cm":2289,"minecraft:fly_one_cm":281985},"minecraft:killed":{"minecraft:silverfish":2,"minecraft:vindicator":1}},"DataVersion":3465}