{"stats":{"minecraft:used":{"days_in_the_middle_ages:hanging_sign":1,"minecraft:torch":13,"minecraft:lever":5,"fantasyfurniture:decorations/berry_basket_sweetberry":1,"minecraft:lantern":1,"minecraft:oak_planks":22,"vs_eureka:oak_ship_helm":7,"minecraft:infested_stone_bricks":1,"vs_eureka:floater":10},"minecraft:picked_up":{"minecraft:bone":2,"vs_eureka:oak_ship_helm":1,"minecraft:arrow":2,"vs_eureka:floater":1,"minecraft:torch":1,"minecraft:lever":7,"minecraft:oak_planks":1},"minecraft:custom":{"minecraft:time_since_rest":6806,"minecraft:play_time":21529,"minecraft:crouch_one_cm":96,"minecraft:sprint_one_cm":16240,"minecraft:deaths":2,"minecraft:walk_one_cm":16708,"minecraft:sneak_time":813,"minecraft:walk_under_water_one_cm":8995,"minecraft:drop":2,"minecraft:jump":94,"minecraft:damage_dealt":19,"minecraft:leave_game":4,"minecraft:walk_on_water_one_cm":1849,"minecraft:time_since_death":6770,"minecraft:climb_one_cm":556,"minecraft:total_world_time":22020,"minecraft:fly_one_cm":363535},"minecraft:dropped":{"minecraft:bone":2}},"DataVersion":3465}