{"stats":{"minecraft:dropped":{"minecraft:arrow":2,"minecraft:bone":2},"minecraft:used":{"minecraft:oak_trapdoor":1,"minecraft:dark_oak_planks":4,"minecraft:lever":5,"days_in_the_middle_ages:hanging_sign":1,"fantasyfurniture:decorations/berry_basket_sweetberry":1,"days_in_the_middle_ages:campfire":1,"minecraft:lantern":1,"minecraft:oak_planks":47,"alexscaves:submarine":4,"minecraft:spruce_planks":43,"vs_eureka:oak_ship_helm":12,"vs_eureka:floater":592,"fantasyfurniture:royal/bed_double":1,"minecraft:torch":13,"vs_eureka:engine":16,"minecraft:oak_slab":1,"minecraft:podzol":5,"minecraft:sponge":27,"fantasyfurniture:decorations/stackable_pumpkins":18,"minecraft:infested_stone_bricks":1},"minecraft:picked_up":{"vs_eureka:oak_ship_helm":1,"minecraft:copper_ingot":2,"minecraft:torch":4,"minecraft:arrow":2,"minecraft:bone":2,"vs_eureka:floater":1,"minecraft:lever":7,"minecraft:coal_block":63,"minecraft:oak_planks":1},"minecraft:custom":{"minecraft:time_since_rest":27777,"minecraft:sprint_one_cm":30529,"minecraft:walk_one_cm":49452,"minecraft:drop":4,"minecraft:damage_dealt":77,"minecraft:fly_one_cm":1075188,"minecraft:open_barrel":1,"minecraft:crouch_one_cm":263,"minecraft:play_time":71921,"minecraft:deaths":3,"minecraft:sneak_time":2916,"minecraft:walk_under_water_one_cm":257117,"minecraft:jump":226,"minecraft:leave_game":6,"minecraft:time_since_death":27753,"minecraft:walk_on_water_one_cm":12928,"minecraft:total_world_time":72412,"minecraft:climb_one_cm":556}},"DataVersion":3465}