{"stats":{"minecraft:killed":{"minecraft:silverfish":2,"minecraft:vindicator":1},"minecraft:mined":{"minecraft:dark_oak_planks":11,"minecraft:spruce_stairs":22,"minecraft:oak_slab":14,"minecraft:gray_wool":76,"minecraft:spruce_planks":15,"minecraft:dark_oak_slab":13,"minecraft:dark_oak_trapdoor":6,"minecraft:black_wall_banner":2,"minecraft:spruce_log":1,"minecraft:oak_fence":2,"minecraft:ladder":1,"minecraft:spruce_trapdoor":9,"blocky_siege:cannon_barrel_straight":1,"minecraft:spruce_fence":3,"blocky_siege:cannon":1,"minecraft:oak_planks":21,"vs_eureka:floater":16},"minecraft:used":{"minecraft:netherite_sword":5,"minecraft:dark_oak_planks":3,"minecraft:spruce_door":2,"minecraft:gray_stained_glass_pane":2,"minecraft:oak_stairs":2,"minecraft:gray_carpet":1,"minecraft:spruce_planks":147,"vs_eureka:oak_ship_helm":14,"minecraft:dark_oak_slab":4,"blocky_siege:cannon":23,"vs_eureka:floater":348,"vs_eureka:ballast":14,"minecraft:red_carpet":3,"minecraft:potion":3,"vs_eureka:engine":16,"minecraft:oak_slab":1,"minecraft:sponge":3},"minecraft:dropped":{"minecraft:sponge":4,"minecraft:spruce_planks":2,"minecraft:dark_oak_trapdoor":1,"minecraft:netherite_sword":1,"minecraft:dark_oak_slab":4,"minecraft:gray_carpet":1},"minecraft:picked_up":{"minecraft:sponge":2,"minecraft:oak_slab":9,"minecraft:dark_oak_slab":4,"minecraft:clock":1,"minecraft:oak_fence":2,"minecraft:spruce_stairs":14,"minecraft:spruce_fence":2,"minecraft:gunpowder":52,"minecraft:dark_oak_trapdoor":3,"minecraft:dark_oak_planks":1,"vs_eureka:floater":4,"minecraft:lever":3,"minecraft:netherite_sword":1,"minecraft:spruce_planks":10,"minecraft:gray_wool":36,"minecraft:emerald":1,"blocky_siege:cannon_ball_0":86,"minecraft:oak_planks":4,"minecraft:spruce_trapdoor":1},"minecraft:custom":{"minecraft:time_since_rest":41402,"minecraft:sprint_one_cm":27171,"minecraft:damage_taken":180,"minecraft:walk_one_cm":80460,"minecraft:mob_kills":3,"minecraft:drop":13,"minecraft:damage_dealt":258,"minecraft:swim_one_cm":3796,"minecraft:fly_one_cm":417722,"minecraft:open_barrel":1,"minecraft:crouch_one_cm":921,"minecraft:play_time":61167,"minecraft:deaths":2,"minecraft:sneak_time":2615,"minecraft:walk_under_water_one_cm":228312,"minecraft:jump":212,"minecraft:leave_game":7,"minecraft:time_since_death":41373,"minecraft:walk_on_water_one_cm":38870,"minecraft:total_world_time":61167,"minecraft:climb_one_cm":720,"minecraft:fall_one_cm":2289}},"DataVersion":3465}