{"stats":{"minecraft:used":{"minecraft:dark_oak_planks":3,"vs_eureka:oak_ship_helm":5,"minecraft:potion":1,"vs_eureka:engine":3},"minecraft:picked_up":{"minecraft:clock":1},"minecraft:custom":{"minecraft:jump":53,"minecraft:time_since_rest":14252,"minecraft:damage_dealt":36,"minecraft:damage_taken":180,"minecraft:crouch_one_cm":205,"minecraft:leave_game":1,"minecraft:play_time":14252,"minecraft:sprint_one_cm":2758,"minecraft:time_since_death":14252,"minecraft:walk_on_water_one_cm":11385,"minecraft:walk_one_cm":13644,"minecraft:sneak_time":697,"minecraft:total_world_time":14252,"minecraft:walk_under_water_one_cm":20314,"minecraft:mob_kills":2,"minecraft:swim_one_cm":1133,"minecraft:fall_one_cm":2289,"minecraft:fly_one_cm":169903},"minecraft:killed":{"minecraft:silverfish":2}},"DataVersion":3465}