{"stats":{"minecraft:used":{"minecraft:netherite_sword":5,"minecraft:spruce_door":2,"minecraft:gray_carpet":1,"minecraft:spruce_planks":148,"minecraft:iron_sword":6,"vs_eureka:floater":423,"vs_eureka:ballast":14,"minecraft:oak_slab":1,"minecraft:sponge":12,"minecraft:dark_oak_planks":3,"minecraft:gray_stained_glass_pane":2,"minecraft:oak_stairs":2,"vs_eureka:oak_ship_helm":18,"minecraft:dark_oak_slab":4,"blocky_siege:cannon":23,"minecraft:red_carpet":3,"minecraft:potion":3,"vs_eureka:engine":17,"minecraft:sea_pickle":2},"minecraft:mined":{"minecraft:dark_oak_planks":11,"minecraft:oak_slab":14,"minecraft:spruce_planks":15,"minecraft:oak_fence":2,"minecraft:spruce_trapdoor":9,"minecraft:ladder":1,"minecraft:spruce_fence":3,"minecraft:oak_planks":21,"blocky_siege:cannon":1,"minecraft:spruce_stairs":22,"minecraft:gray_wool":76,"minecraft:dark_oak_slab":13,"minecraft:dark_oak_trapdoor":6,"minecraft:black_wall_banner":2,"minecraft:spruce_log":1,"blocky_siege:cannon_barrel_straight":1,"vs_eureka:floater":16},"minecraft:dropped":{"minecraft:oak_slab":9,"minecraft:lever":1,"minecraft:netherite_sword":2,"minecraft:dark_oak_slab":4,"minecraft:oak_fence":2,"minecraft:oak_planks":5,"minecraft:spruce_stairs":14,"minecraft:spruce_fence":2,"minecraft:gray_wool":36,"minecraft:sea_pickle":3,"blocky_siege:cannon_ball_0":86,"minecraft:sponge":5,"minecraft:spruce_trapdoor":1,"minecraft:spruce_planks":2,"minecraft:dark_oak_trapdoor":3,"minecraft:oak_stairs":1,"minecraft:dark_oak_planks":1,"minecraft:gray_carpet":1},"minecraft:killed":{"minecraft:vindicator":2,"minecraft:silverfish":2},"minecraft:picked_up":{"minecraft:sponge":2,"minecraft:clock":2,"minecraft:gunpowder":52,"minecraft:dark_oak_trapdoor":3,"minecraft:sea_pickle":3,"minecraft:netherite_sword":1,"minecraft:spruce_planks":10,"blocky_siege:cannon_ball_0":86,"minecraft:oak_planks":4,"minecraft:spruce_trapdoor":1,"minecraft:oak_slab":9,"minecraft:dark_oak_slab":4,"minecraft:oak_fence":2,"minecraft:spruce_stairs":14,"minecraft:spruce_fence":2,"minecraft:dark_oak_planks":1,"vs_eureka:floater":4,"minecraft:lever":3,"minecraft:gray_wool":36,"minecraft:emerald":1},"minecraft:custom":{"minecraft:mob_kills":4,"minecraft:open_barrel":1,"minecraft:leave_game":9,"minecraft:time_since_death":52039,"minecraft:climb_one_cm":1294,"minecraft:time_since_rest":52068,"minecraft:sprint_one_cm":30736,"minecraft:damage_taken":180,"minecraft:walk_one_cm":97655,"minecraft:drop":31,"minecraft:damage_dealt":581,"minecraft:swim_one_cm":4317,"minecraft:fly_one_cm":480512,"minecraft:open_chest":2,"minecraft:crouch_one_cm":1336,"minecraft:play_time":71833,"minecraft:deaths":2,"minecraft:sneak_time":3100,"minecraft:walk_under_water_one_cm":276164,"minecraft:jump":238,"minecraft:walk_on_water_one_cm":46245,"minecraft:total_world_time":71833,"minecraft:fall_one_cm":2289}},"DataVersion":3465}