{"stats":{"minecraft:picked_up":{"minecraft:lantern":1},"minecraft:custom":{"minecraft:jump":24,"minecraft:time_since_rest":5425,"minecraft:damage_dealt":10,"minecraft:leave_game":1,"minecraft:sprint_one_cm":10230,"minecraft:play_time":5425,"minecraft:damage_taken":160,"minecraft:time_since_death":5425,"minecraft:walk_one_cm":12175,"minecraft:sneak_time":27,"minecraft:trigger_trapped_chest":1,"minecraft:total_world_time":5425,"minecraft:fall_one_cm":419,"minecraft:fly_one_cm":18607}},"DataVersion":3465}