{"stats":{"minecraft:used":{"days_in_the_middle_ages:well":1},"minecraft:picked_up":{"minecraft:lantern":1},"minecraft:custom":{"minecraft:jump":29,"minecraft:time_since_rest":13511,"minecraft:damage_dealt":10,"minecraft:leave_game":2,"minecraft:sprint_one_cm":15092,"minecraft:play_time":13511,"minecraft:damage_taken":180,"minecraft:time_since_death":13511,"minecraft:walk_one_cm":13989,"minecraft:sneak_time":370,"minecraft:total_world_time":13511,"minecraft:trigger_trapped_chest":1,"minecraft:fall_one_cm":825,"minecraft:fly_one_cm":32891}},"DataVersion":3465}