{"stats":{"minecraft:used":{"days_in_the_middle_ages:well_roof_oak":1,"days_in_the_middle_ages:well":4,"days_in_the_middle_ages:roof":1,"days_in_the_middle_ages:windowbottom":2,"fantasyfurniture:decorations/bolts_of_cloth":4,"days_in_the_middle_ages:barrel_beer":2,"minecraft:sand":1,"days_in_the_middle_ages:basket_of_shrooms":8,"days_in_the_middle_ages:cart":2,"days_in_the_middle_ages:cell_door":3,"days_in_the_middle_ages:sword_pile":2,"days_in_the_middle_ages:boat":3,"fantasyfurniture:decorations/book_stack":3},"minecraft:picked_up":{"minecraft:lantern":1},"minecraft:custom":{"minecraft:time_since_rest":19511,"minecraft:play_time":19511,"minecraft:sprint_one_cm":15182,"minecraft:damage_taken":180,"minecraft:walk_one_cm":14365,"minecraft:sneak_time":555,"minecraft:trigger_trapped_chest":1,"minecraft:jump":31,"minecraft:damage_dealt":10,"minecraft:leave_game":2,"minecraft:time_since_death":19511,"minecraft:walk_on_water_one_cm":8,"minecraft:total_world_time":19511,"minecraft:fall_one_cm":825,"minecraft:fly_one_cm":69623}},"DataVersion":3465}