{
  "incendium:technical/sentrys_wrath": {
    "criteria": {
      "log_spam_fixer": "2024-07-30 00:56:34 +0000"
    },
    "done": false
  },
  "incendium:technical/inventory/sentrys_wrath": {
    "criteria": {
      "log_spam_fixer": "2024-07-30 00:56:34 +0000"
    },
    "done": false
  },
  "incendium:technical/feed_ghastling": {
    "criteria": {
      "log_spam_fixer": "2024-07-30 00:56:34 +0000"
    },
    "done": false
  },
  "incendium:technical/on_player_hurt": {
    "criteria": {
      "requirement": "2024-07-30 00:56:39 +0000",
      "log_spam_fixer": "2024-07-30 00:56:34 +0000"
    },
    "done": true
  },
  "minecraft:recipes/decorations/crafting_table": {
    "criteria": {
      "unlock_right_away": "2024-07-30 00:52:30 +0000"
    },
    "done": true
  },
  "incendium:technical/firestorm": {
    "criteria": {
      "log_spam_fixer": "2024-07-30 00:56:34 +0000"
    },
    "done": false
  },
  "incendium:technical/inventory/firestorm": {
    "criteria": {
      "log_spam_fixer": "2024-07-30 00:56:34 +0000"
    },
    "done": false
  },
  "cataclysm:root": {
    "criteria": {
      "custom_test_name": "2024-07-30 00:52:30 +0000"
    },
    "done": true
  },
  "incendium:technical/new_player": {
    "criteria": {
      "requirement": "2024-07-30 00:52:30 +0000"
    },
    "done": true
  },
  "incendium:technical/give_ghastling": {
    "criteria": {
      "log_spam_fixer": "2024-07-30 00:56:34 +0000"
    },
    "done": false
  },
  "incendium:technical/on_kill": {
    "criteria": {
      "log_spam_fixer": "2024-07-30 00:56:34 +0000"
    },
    "done": false
  },
  "incendium:technical/scroll_of_returning": {
    "criteria": {
      "log_spam_fixer": "2024-07-30 00:52:31 +0000"
    },
    "done": false
  },
  "vs_eureka:recipes/balloon_color": {
    "criteria": {
      "has_red_balloon": "2024-07-30 00:56:43 +0000",
      "has_black_balloon": "2024-07-30 00:56:43 +0000",
      "has_lime_balloon": "2024-07-30 00:56:43 +0000",
      "has_cyan_balloon": "2024-07-30 00:56:43 +0000",
      "has_light_blue_balloon": "2024-07-30 00:56:43 +0000",
      "has_gray_balloon": "2024-07-30 00:56:43 +0000",
      "has_pink_balloon": "2024-07-30 00:56:43 +0000",
      "has_light_gray_balloon": "2024-07-30 00:56:43 +0000",
      "has_white_balloon": "2024-07-30 00:56:43 +0000",
      "has_blue_balloon": "2024-07-30 00:56:43 +0000",
      "has_yellow_balloon": "2024-07-30 00:56:43 +0000",
      "has_purple_balloon": "2024-07-30 00:56:43 +0000",
      "has_orange_balloon": "2024-07-30 00:56:43 +0000",
      "has_brown_balloon": "2024-07-30 00:56:43 +0000",
      "has_green_balloon": "2024-07-30 00:56:43 +0000",
      "has_magenta_balloon": "2024-07-30 00:56:43 +0000"
    },
    "done": true
  },
  "incendium:technical/multiplex_crossbow": {
    "criteria": {
      "log_spam_fixer": "2024-07-30 00:56:34 +0000"
    },
    "done": false
  },
  "incendium:technical/using/ragnarok": {
    "criteria": {
      "log_spam_fixer": "2024-07-30 00:52:31 +0000"
    },
    "done": false
  },
  "incendium:technical/on_inventory_change": {
    "criteria": {
      "log_spam_fixer": "2024-07-30 00:56:34 +0000"
    },
    "done": false
  },
  "vs_eureka:recipes/balloon_leather": {
    "criteria": {
      "has_leather": "2024-07-30 00:56:43 +0000"
    },
    "done": true
  },
  "incendium:technical/using/trailblazer": {
    "criteria": {
      "log_spam_fixer": "2024-07-30 00:52:31 +0000"
    },
    "done": false
  },
  "vs_eureka:recipes/ship_helm": {
    "criteria": {
      "has_gold": "2024-07-30 00:56:43 +0000"
    },
    "done": true
  },
  "minecraft:adventure/adventuring_time": {
    "criteria": {
      "minecraft:ocean": "2024-07-30 00:52:31 +0000"
    },
    "done": false
  },
  "incendium:technical/holy_wrath": {
    "criteria": {
      "log_spam_fixer": "2024-07-30 00:56:34 +0000"
    },
    "done": false
  },
  "incendium:technical/on_block": {
    "criteria": {
      "log_spam_fixer": "2024-07-30 00:56:34 +0000"
    },
    "done": false
  },
  "vs_eureka:recipes/balloon_paper": {
    "criteria": {
      "has_paper": "2024-07-30 00:56:43 +0000"
    },
    "done": true
  },
  "incendium:technical/using/shield": {
    "criteria": {
      "log_spam_fixer": "2024-07-30 00:52:31 +0000"
    },
    "done": false
  },
  "vs_eureka:recipes/balloon_membrane": {
    "criteria": {
      "has_membrane": "2024-07-30 00:56:43 +0000"
    },
    "done": true
  },
  "DataVersion": 3465
}